created_at,status,player,normalized_player,history_matches,source_prediction_date,source_tournament,source_surface,source_confidence,reasons,notes
2026-06-26T20:30:04Z,needs_enrichment,A. Aulia,a aulia,0,2026-06-27,UTR Knoxville W01,Unknown,0.504,low_confidence;unknown_surface;initialed_name;not_found_in_history,Do not merge into main history before external source validation.
2026-06-26T20:30:04Z,needs_enrichment,A. Bain,a bain,0,2026-06-27,UTR PTT Newport Beach Men 15,Unknown,0.504,low_confidence;unknown_surface;initialed_name;not_found_in_history,Do not merge into main history before external source validation.
2026-06-26T20:30:04Z,needs_enrichment,A. Belkovics,a belkovics,0,2026-06-27,UTR Budapest M01,Unknown,0.504,low_confidence;unknown_surface;initialed_name;not_found_in_history,Do not merge into main history before external source validation.
2026-06-26T20:30:04Z,needs_enrichment,A. Eliscu,a eliscu,0,2026-06-27,UTR PTT Newport Beach Men 15,Unknown,0.504,low_confidence;unknown_surface;initialed_name;not_found_in_history,Do not merge into main history before external source validation.
2026-06-26T20:30:04Z,needs_enrichment,A. Grechkina,a grechkina,0,2026-06-27,UTR PTT Newport Beach Women 15,Unknown,0.504,low_confidence;unknown_surface;initialed_name;not_found_in_history,Do not merge into main history before external source validation.
2026-06-26T20:30:04Z,needs_enrichment,A. Harmon,a harmon,0,2026-06-27,UTR PTT Newport Beach Women 15,Unknown,0.504,low_confidence;unknown_surface;initialed_name;not_found_in_history,Do not merge into main history before external source validation.
2026-06-26T20:30:04Z,needs_enrichment,A. Hayduke II,a hayduke ii,0,2026-06-27,UTR PTT Newport Beach Men 15,Unknown,0.504,low_confidence;unknown_surface;initialed_name;not_found_in_history,Do not merge into main history before external source validation.
2026-06-26T20:30:04Z,needs_enrichment,A. Jadue,a jadue,0,2026-06-27,UTR Budapest W01,Unknown,0.504,low_confidence;unknown_surface;initialed_name;not_found_in_history,Do not merge into main history before external source validation.
2026-06-26T20:30:04Z,needs_enrichment,A. Jilly,a jilly,0,2026-06-27,UTR Budapest M01,Unknown,0.504,low_confidence;unknown_surface;initialed_name;not_found_in_history,Do not merge into main history before external source validation.
2026-06-26T20:30:04Z,needs_enrichment,A. Li,a li,0,2026-06-27,UTR PTT Newport Beach Men 15,Unknown,0.504,low_confidence;unknown_surface;initialed_name;not_found_in_history,Do not merge into main history before external source validation.
2026-06-26T20:30:04Z,needs_enrichment,A. Major,a major,0,2026-06-27,UTR Budapest M01,Unknown,0.504,low_confidence;unknown_surface;initialed_name;not_found_in_history,Do not merge into main history before external source validation.
2026-06-26T20:30:04Z,needs_enrichment,A. Murthy,a murthy,0,2026-06-27,UTR PTT Newport Beach Women 15,Unknown,0.504,low_confidence;unknown_surface;initialed_name;not_found_in_history,Do not merge into main history before external source validation.
2026-06-26T20:30:04Z,needs_enrichment,A. Shannon,a shannon,0,2026-06-27,UTR Knoxville W01,Unknown,0.504,low_confidence;unknown_surface;initialed_name;not_found_in_history,Do not merge into main history before external source validation.
2026-06-26T20:30:04Z,needs_enrichment,A. Shcherbinina,a shcherbinina,0,2026-06-27,UTR PTT Newport Beach Women 15,Unknown,0.504,low_confidence;unknown_surface;initialed_name;not_found_in_history,Do not merge into main history before external source validation.
2026-06-26T20:30:04Z,needs_enrichment,A. Tarrio Ponte,a tarrio ponte,0,2026-06-27,UTR PTT Umag Men 02,Clay,0.504,low_confidence;initialed_name;not_found_in_history,Do not merge into main history before external source validation.
2026-06-26T20:30:04Z,needs_enrichment,A. Wolf,a wolf,0,2026-06-27,UTR PTT Newport Beach Women 15,Unknown,0.504,low_confidence;unknown_surface;initialed_name;not_found_in_history,Do not merge into main history before external source validation.
2026-06-26T20:30:04Z,needs_enrichment,A. Zamani,a zamani,0,2026-06-27,UTR PTT Waco Men 01,Unknown,0.504,low_confidence;unknown_surface;initialed_name;not_found_in_history,Do not merge into main history before external source validation.
2026-06-26T20:30:04Z,needs_enrichment,A. Zyryanova,a zyryanova,0,2026-06-27,UTR Budapest W01,Unknown,0.504,low_confidence;unknown_surface;initialed_name;not_found_in_history,Do not merge into main history before external source validation.
2026-06-26T20:30:04Z,needs_enrichment,B. Anderson,b anderson,0,2026-06-27,UTR PTT Newport Beach Men 15,Unknown,0.504,low_confidence;unknown_surface;initialed_name;not_found_in_history,Do not merge into main history before external source validation.
2026-06-26T20:30:04Z,needs_enrichment,B. Kisantal,b kisantal,0,2026-06-27,UTR Budapest M01,Unknown,0.504,low_confidence;unknown_surface;initialed_name;not_found_in_history,Do not merge into main history before external source validation.
2026-06-26T20:30:04Z,needs_enrichment,B. Nagy,b nagy,0,2026-06-27,UTR Budapest M01,Unknown,0.504,low_confidence;unknown_surface;initialed_name;not_found_in_history,Do not merge into main history before external source validation.
2026-06-26T20:30:04Z,needs_enrichment,B. Yoris,b yoris,0,2026-06-27,UTR PTT Waco Women 01,Unknown,0.504,low_confidence;unknown_surface;initialed_name;not_found_in_history,Do not merge into main history before external source validation.
2026-06-26T20:30:04Z,needs_enrichment,C. Baierl,c baierl,0,2026-06-27,UTR PTT Waco Men 01,Unknown,0.504,low_confidence;unknown_surface;initialed_name;not_found_in_history,Do not merge into main history before external source validation.
2026-06-26T20:30:04Z,needs_enrichment,C. Chinlund,c chinlund,0,2026-06-27,UTR PTT Newport Beach Men 15,Unknown,0.504,low_confidence;unknown_surface;initialed_name;not_found_in_history,Do not merge into main history before external source validation.
2026-06-26T20:30:04Z,needs_enrichment,C. Korhonen,c korhonen,0,2026-06-27,UTR Budapest W01,Unknown,0.504,low_confidence;unknown_surface;initialed_name;not_found_in_history,Do not merge into main history before external source validation.
2026-06-26T20:30:04Z,needs_enrichment,C. McGill,c mcgill,0,2026-06-27,UTR Knoxville W01,Unknown,0.504,low_confidence;unknown_surface;initialed_name;not_found_in_history,Do not merge into main history before external source validation.
2026-06-26T20:30:04Z,needs_enrichment,C. Ricci,c ricci,0,2026-06-27,UTR PTT Newport Beach Women 15,Unknown,0.504,low_confidence;unknown_surface;initialed_name;not_found_in_history,Do not merge into main history before external source validation.
2026-06-26T20:30:04Z,needs_enrichment,C. Robinson,c robinson,0,2026-06-27,UTR Knoxville M01,Unknown,0.504,low_confidence;unknown_surface;initialed_name;not_found_in_history,Do not merge into main history before external source validation.
2026-06-26T20:30:04Z,needs_enrichment,C. Sauvant,c sauvant,0,2026-06-27,UTR PTT Newport Beach Women 15,Unknown,0.504,low_confidence;unknown_surface;initialed_name;not_found_in_history,Do not merge into main history before external source validation.
2026-06-26T20:30:04Z,needs_enrichment,C. Stelse,c stelse,0,2026-06-27,UTR PTT Waco Men 01,Unknown,0.504,low_confidence;unknown_surface;initialed_name;not_found_in_history,Do not merge into main history before external source validation.
2026-06-26T20:30:04Z,needs_enrichment,C. Swaine,c swaine,0,2026-06-27,UTR Budapest M01,Unknown,0.504,low_confidence;unknown_surface;initialed_name;not_found_in_history,Do not merge into main history before external source validation.
2026-06-26T20:30:04Z,needs_enrichment,C. Underwood,c underwood,0,2026-06-27,UTR PTT Newport Beach Men 15,Unknown,0.504,low_confidence;unknown_surface;initialed_name;not_found_in_history,Do not merge into main history before external source validation.
2026-06-26T20:30:04Z,needs_enrichment,D. Budko,d budko,0,2026-06-27,UTR PTT Waco Women 01,Unknown,0.504,low_confidence;unknown_surface;initialed_name;not_found_in_history,Do not merge into main history before external source validation.
2026-06-26T20:30:04Z,needs_enrichment,D. Duong,d duong,0,2026-06-27,UTR PTT Newport Beach Men 15,Unknown,0.504,low_confidence;unknown_surface;initialed_name;not_found_in_history,Do not merge into main history before external source validation.
2026-06-26T20:30:04Z,needs_enrichment,D. Fishback,d fishback,0,2026-06-27,UTR Knoxville M01,Unknown,0.504,low_confidence;unknown_surface;initialed_name;not_found_in_history,Do not merge into main history before external source validation.
2026-06-26T20:30:04Z,needs_enrichment,D. Hedgecoe,d hedgecoe,0,2026-06-27,UTR PTT Waco Men 01,Unknown,0.504,low_confidence;unknown_surface;initialed_name;not_found_in_history,Do not merge into main history before external source validation.
2026-06-26T20:30:04Z,needs_enrichment,D. Knesl,d knesl,0,2026-06-27,UTR PTT Umag Men 02,Clay,0.504,low_confidence;initialed_name;not_found_in_history,Do not merge into main history before external source validation.
2026-06-26T20:30:04Z,needs_enrichment,D. Kos,d kos,0,2026-06-27,UTR PTT Umag Men 02,Clay,0.504,low_confidence;initialed_name;not_found_in_history,Do not merge into main history before external source validation.
2026-06-26T20:30:04Z,needs_enrichment,D. Krasner,d krasner,0,2026-06-27,UTR Knoxville M01,Unknown,0.504,low_confidence;unknown_surface;initialed_name;not_found_in_history,Do not merge into main history before external source validation.
2026-06-26T20:30:04Z,needs_enrichment,D. Pop,d pop,0,2026-06-27,UTR Budapest M01,Unknown,0.504,low_confidence;unknown_surface;initialed_name;not_found_in_history,Do not merge into main history before external source validation.
2026-06-26T20:30:04Z,needs_enrichment,D. Shadchneva,d shadchneva,0,2026-06-27,UTR Budapest W01,Unknown,0.504,low_confidence;unknown_surface;initialed_name;not_found_in_history,Do not merge into main history before external source validation.
2026-06-26T20:30:04Z,needs_enrichment,D. Smolinskaya,d smolinskaya,0,2026-06-27,UTR Budapest W01,Unknown,0.504,low_confidence;unknown_surface;initialed_name;not_found_in_history,Do not merge into main history before external source validation.
2026-06-26T20:30:04Z,needs_enrichment,D. Wiley,d wiley,0,2026-06-27,UTR Knoxville M01,Unknown,0.504,low_confidence;unknown_surface;initialed_name;not_found_in_history,Do not merge into main history before external source validation.
2026-06-26T20:30:04Z,needs_enrichment,D. Zmak,d zmak,0,2026-06-27,UTR PTT Umag Men 02,Clay,0.504,low_confidence;initialed_name;not_found_in_history,Do not merge into main history before external source validation.
2026-06-26T20:30:04Z,needs_enrichment,E. Baraniakova,e baraniakova,0,2026-06-27,UTR Budapest W01,Unknown,0.504,low_confidence;unknown_surface;initialed_name;not_found_in_history,Do not merge into main history before external source validation.
2026-06-26T20:30:04Z,needs_enrichment,E. Brownback,e brownback,0,2026-06-27,UTR PTT Waco Women 01,Unknown,0.504,low_confidence;unknown_surface;initialed_name;not_found_in_history,Do not merge into main history before external source validation.
2026-06-26T20:30:04Z,needs_enrichment,E. Crivei,e crivei,0,2026-06-27,UTR PTT Newport Beach Men 15,Unknown,0.504,low_confidence;unknown_surface;initialed_name;not_found_in_history,Do not merge into main history before external source validation.
2026-06-26T20:30:04Z,needs_enrichment,E. Ivanov,e ivanov,0,2026-06-27,UTR Budapest W01,Unknown,0.504,low_confidence;unknown_surface;initialed_name;not_found_in_history,Do not merge into main history before external source validation.
2026-06-26T20:30:04Z,needs_enrichment,E. Mireles,e mireles,0,2026-06-27,UTR PTT Waco Women 01,Unknown,0.504,low_confidence;unknown_surface;initialed_name;not_found_in_history,Do not merge into main history before external source validation.
2026-06-26T20:30:04Z,needs_enrichment,E. Myers,e myers,0,2026-06-27,UTR Knoxville W01,Unknown,0.504,low_confidence;unknown_surface;initialed_name;not_found_in_history,Do not merge into main history before external source validation.
2026-06-26T20:30:04Z,needs_enrichment,F. Balshaw,f balshaw,0,2026-06-27,Târgu Mureș,Unknown,0.504,low_confidence;unknown_surface;initialed_name;not_found_in_history,Do not merge into main history before external source validation.
2026-06-26T20:30:04Z,needs_enrichment,F. Vazquez,f vazquez,0,2026-06-27,UTR PTT Newport Beach Men 15,Unknown,0.504,low_confidence;unknown_surface;initialed_name;not_found_in_history,Do not merge into main history before external source validation.
2026-06-26T20:30:04Z,needs_enrichment,G. Arangio,g arangio,0,2026-06-27,UTR PTT Newport Beach Women 15,Unknown,0.504,low_confidence;unknown_surface;initialed_name;not_found_in_history,Do not merge into main history before external source validation.
2026-06-26T20:30:04Z,needs_enrichment,G. Avram,g avram,0,2026-06-27,UTR Knoxville M01,Unknown,0.504,low_confidence;unknown_surface;initialed_name;not_found_in_history,Do not merge into main history before external source validation.
2026-06-26T20:30:04Z,needs_enrichment,G. Bernadsky,g bernadsky,0,2026-06-27,UTR PTT Waco Men 01,Unknown,0.504,low_confidence;unknown_surface;initialed_name;not_found_in_history,Do not merge into main history before external source validation.
2026-06-26T20:30:04Z,needs_enrichment,G. Guenther,g guenther,0,2026-06-27,UTR Knoxville W01,Unknown,0.504,low_confidence;unknown_surface;initialed_name;not_found_in_history,Do not merge into main history before external source validation.
2026-06-26T20:30:04Z,needs_enrichment,G. Hakopian,g hakopian,0,2026-06-27,UTR PTT Newport Beach Men 15,Unknown,0.504,low_confidence;unknown_surface;initialed_name;not_found_in_history,Do not merge into main history before external source validation.
2026-06-26T20:30:04Z,needs_enrichment,G. Hornung,g hornung,0,2026-06-27,UTR Budapest M01,Unknown,0.504,low_confidence;unknown_surface;initialed_name;not_found_in_history,Do not merge into main history before external source validation.
2026-06-26T20:30:04Z,needs_enrichment,G. Kulevich,g kulevich,0,2026-06-27,UTR Knoxville W01,Unknown,0.504,low_confidence;unknown_surface;initialed_name;not_found_in_history,Do not merge into main history before external source validation.
2026-06-26T20:30:04Z,needs_enrichment,G. Oboniye,g oboniye,0,2026-06-27,UTR PTT Newport Beach Women 15,Unknown,0.504,low_confidence;unknown_surface;initialed_name;not_found_in_history,Do not merge into main history before external source validation.
2026-06-26T20:30:04Z,needs_enrichment,G. Roach,g roach,0,2026-06-27,UTR Budapest W01,Unknown,0.504,low_confidence;unknown_surface;initialed_name;not_found_in_history,Do not merge into main history before external source validation.
2026-06-26T20:30:04Z,needs_enrichment,G. Villegas,g villegas,0,2026-06-27,UTR PTT Waco Women 01,Unknown,0.504,low_confidence;unknown_surface;initialed_name;not_found_in_history,Do not merge into main history before external source validation.
2026-06-26T20:30:04Z,needs_enrichment,H. Best,h best,0,2026-06-27,UTR PTT Umag Men 02,Clay,0.504,low_confidence;initialed_name;not_found_in_history,Do not merge into main history before external source validation.
2026-06-26T20:30:04Z,needs_enrichment,H. McAslin,h mcaslin,0,2026-06-27,UTR PTT Waco Women 01,Unknown,0.504,low_confidence;unknown_surface;initialed_name;not_found_in_history,Do not merge into main history before external source validation.
2026-06-26T20:30:04Z,needs_enrichment,H. Read,h read,0,2026-06-27,UTR Budapest W01,Unknown,0.504,low_confidence;unknown_surface;initialed_name;not_found_in_history,Do not merge into main history before external source validation.
2026-06-26T20:30:04Z,needs_enrichment,"Hussey, Brady",hussey brady,0,2026-06-27,UTR Knoxville M01,Unknown,0.504,low_confidence;unknown_surface;not_found_in_history,Do not merge into main history before external source validation.
2026-06-26T20:30:04Z,needs_enrichment,I. Ashar,i ashar,0,2026-06-27,UTR PTT Waco Women 01,Unknown,0.504,low_confidence;unknown_surface;initialed_name;not_found_in_history,Do not merge into main history before external source validation.
2026-06-26T20:30:04Z,needs_enrichment,I. Heinzova,i heinzova,0,2026-06-27,UTR Budapest W01,Unknown,0.504,low_confidence;unknown_surface;initialed_name;not_found_in_history,Do not merge into main history before external source validation.
2026-06-26T20:30:04Z,needs_enrichment,I. Montes-de la Torre,i montes de la torre,0,2026-06-27,ATP Challenger Plovdiv,Grass,0.504,low_confidence;initialed_name;not_found_in_history,Do not merge into main history before external source validation.
2026-06-26T20:30:04Z,needs_enrichment,J. Day,j day,0,2026-06-27,UTR PTT Newport Beach Men 15,Unknown,0.504,low_confidence;unknown_surface;initialed_name;not_found_in_history,Do not merge into main history before external source validation.
2026-06-26T20:30:04Z,needs_enrichment,J. Dunyon,j dunyon,0,2026-06-27,UTR Knoxville W01,Unknown,0.504,low_confidence;unknown_surface;initialed_name;not_found_in_history,Do not merge into main history before external source validation.
2026-06-26T20:30:04Z,needs_enrichment,J. Garcia,j garcia,0,2026-06-27,UTR Knoxville M01,Unknown,0.504,low_confidence;unknown_surface;initialed_name;not_found_in_history,Do not merge into main history before external source validation.
2026-06-26T20:30:04Z,needs_enrichment,J. Saner,j saner,0,2026-06-27,UTR Budapest W01,Unknown,0.504,low_confidence;unknown_surface;initialed_name;not_found_in_history,Do not merge into main history before external source validation.
2026-06-26T20:30:04Z,needs_enrichment,K. Erickson,k erickson,0,2026-06-27,UTR PTT Waco Women 01,Unknown,0.504,low_confidence;unknown_surface;initialed_name;not_found_in_history,Do not merge into main history before external source validation.
2026-06-26T20:30:04Z,needs_enrichment,K. Halmos,k halmos,0,2026-06-27,UTR Budapest M01,Unknown,0.504,low_confidence;unknown_surface;initialed_name;not_found_in_history,Do not merge into main history before external source validation.
2026-06-26T20:30:04Z,needs_enrichment,K. Molnar,k molnar,0,2026-06-27,UTR Budapest W01,Unknown,0.504,low_confidence;unknown_surface;initialed_name;not_found_in_history,Do not merge into main history before external source validation.
2026-06-26T20:30:04Z,needs_enrichment,K. Teso,k teso,0,2026-06-27,UTR PTT Waco Women 01,Unknown,0.504,low_confidence;unknown_surface;initialed_name;not_found_in_history,Do not merge into main history before external source validation.
2026-06-26T20:30:04Z,needs_enrichment,L. Alexin,l alexin,0,2026-06-27,UTR PTT Waco Women 01,Unknown,0.504,low_confidence;unknown_surface;initialed_name;not_found_in_history,Do not merge into main history before external source validation.
2026-06-26T20:30:04Z,needs_enrichment,L. Brotman,l brotman,0,2026-06-27,UTR PTT Waco Women 01,Unknown,0.504,low_confidence;unknown_surface;initialed_name;not_found_in_history,Do not merge into main history before external source validation.
2026-06-26T20:30:04Z,needs_enrichment,L. Cvanciger,l cvanciger,0,2026-06-27,UTR Budapest W01,Unknown,0.504,low_confidence;unknown_surface;initialed_name;not_found_in_history,Do not merge into main history before external source validation.
2026-06-26T20:30:04Z,needs_enrichment,L. Donnelly,l donnelly,0,2026-06-27,UTR PTT Newport Beach Women 15,Unknown,0.504,low_confidence;unknown_surface;initialed_name;not_found_in_history,Do not merge into main history before external source validation.
2026-06-26T20:30:04Z,needs_enrichment,L. Murphy,l murphy,0,2026-06-27,UTR Knoxville W01,Unknown,0.504,low_confidence;unknown_surface;initialed_name;not_found_in_history,Do not merge into main history before external source validation.
2026-06-26T20:30:04Z,needs_enrichment,L. Murray,l murray,0,2026-06-27,UTR PTT Waco Women 01,Unknown,0.504,low_confidence;unknown_surface;initialed_name;not_found_in_history,Do not merge into main history before external source validation.
2026-06-26T20:30:04Z,needs_enrichment,L. Oved,l oved,0,2026-06-27,UTR Knoxville W01,Unknown,0.504,low_confidence;unknown_surface;initialed_name;not_found_in_history,Do not merge into main history before external source validation.
2026-06-26T20:30:04Z,needs_enrichment,L. Pradkin,l pradkin,0,2026-06-27,UTR PTT Newport Beach Women 15,Unknown,0.504,low_confidence;unknown_surface;initialed_name;not_found_in_history,Do not merge into main history before external source validation.
2026-06-26T20:30:04Z,needs_enrichment,L. Svatíková,l svatikova,0,2026-06-27,UTR Budapest W01,Unknown,0.504,low_confidence;unknown_surface;initialed_name;not_found_in_history,Do not merge into main history before external source validation.
2026-06-26T20:30:04Z,needs_enrichment,L. Weir,l weir,0,2026-06-27,UTR PTT Waco Women 01,Unknown,0.504,low_confidence;unknown_surface;initialed_name;not_found_in_history,Do not merge into main history before external source validation.
2026-06-26T20:30:04Z,needs_enrichment,M. Bartakovics,m bartakovics,0,2026-06-27,UTR Budapest M01,Unknown,0.504,low_confidence;unknown_surface;initialed_name;not_found_in_history,Do not merge into main history before external source validation.
2026-06-26T20:30:04Z,needs_enrichment,M. Breazu,m breazu,0,2026-06-27,UTR Budapest M01,Unknown,0.504,low_confidence;unknown_surface;initialed_name;not_found_in_history,Do not merge into main history before external source validation.
2026-06-26T20:30:04Z,needs_enrichment,M. Castle,m castle,0,2026-06-27,UTR PTT Umag Men 02,Clay,0.504,low_confidence;initialed_name;not_found_in_history,Do not merge into main history before external source validation.
2026-06-26T20:30:04Z,needs_enrichment,M. Deatherage,m deatherage,0,2026-06-27,UTR Knoxville W01,Unknown,0.504,low_confidence;unknown_surface;initialed_name;not_found_in_history,Do not merge into main history before external source validation.
2026-06-26T20:30:04Z,needs_enrichment,M. Fuduric,m fuduric,0,2026-06-27,UTR PTT Waco Women 01,Unknown,0.504,low_confidence;unknown_surface;initialed_name;not_found_in_history,Do not merge into main history before external source validation.
2026-06-26T20:30:04Z,needs_enrichment,M. Landreth,m landreth,0,2026-06-27,UTR Knoxville M01,Unknown,0.504,low_confidence;unknown_surface;initialed_name;not_found_in_history,Do not merge into main history before external source validation.
2026-06-26T20:30:04Z,needs_enrichment,M. Markovits,m markovits,0,2026-06-27,UTR Budapest M01,Unknown,0.504,low_confidence;unknown_surface;initialed_name;not_found_in_history,Do not merge into main history before external source validation.
2026-06-26T20:30:04Z,needs_enrichment,M. Mazev,m mazev,0,2026-06-27,UTR PTT Newport Beach Men 15,Unknown,0.504,low_confidence;unknown_surface;initialed_name;not_found_in_history,Do not merge into main history before external source validation.
2026-06-26T20:30:04Z,needs_enrichment,M. Pawelska,m pawelska,0,2026-06-27,UTR Budapest W01,Unknown,0.504,low_confidence;unknown_surface;initialed_name;not_found_in_history,Do not merge into main history before external source validation.
2026-06-26T20:30:04Z,needs_enrichment,M. Sheldon,m sheldon,0,2026-06-27,UTR Knoxville M01,Unknown,0.504,low_confidence;unknown_surface;initialed_name;not_found_in_history,Do not merge into main history before external source validation.
2026-06-26T20:30:04Z,needs_enrichment,M. Shelton,m shelton,0,2026-06-27,UTR Knoxville W01,Unknown,0.504,low_confidence;unknown_surface;initialed_name;not_found_in_history,Do not merge into main history before external source validation.
2026-06-26T20:30:04Z,needs_enrichment,M. Valkusz,m valkusz,0,2026-06-27,UTR Budapest M01,Unknown,0.504,low_confidence;unknown_surface;initialed_name;not_found_in_history,Do not merge into main history before external source validation.
2026-06-26T20:30:04Z,needs_enrichment,N. Bak Szabo,n bak szabo,0,2026-06-27,UTR Budapest W01,Unknown,0.504,low_confidence;unknown_surface;initialed_name;not_found_in_history,Do not merge into main history before external source validation.
2026-06-26T20:30:04Z,needs_enrichment,N. Daubnerova,n daubnerova,0,2026-06-27,UTR Budapest W01,Unknown,0.504,low_confidence;unknown_surface;initialed_name;not_found_in_history,Do not merge into main history before external source validation.
2026-06-26T20:30:04Z,needs_enrichment,N. Iantosca,n iantosca,0,2026-06-27,UTR PTT Waco Men 01,Unknown,0.504,low_confidence;unknown_surface;initialed_name;not_found_in_history,Do not merge into main history before external source validation.
2026-06-26T20:30:04Z,needs_enrichment,N. Koppova,n koppova,0,2026-06-27,UTR Budapest W01,Unknown,0.504,low_confidence;unknown_surface;initialed_name;not_found_in_history,Do not merge into main history before external source validation.
2026-06-26T20:30:04Z,needs_enrichment,N. Mangiapane,n mangiapane,0,2026-06-27,UTR Knoxville M01,Unknown,0.504,low_confidence;unknown_surface;initialed_name;not_found_in_history,Do not merge into main history before external source validation.
2026-06-26T20:30:04Z,needs_enrichment,N. Oliver,n oliver,0,2026-06-27,UTR Knoxville W01,Unknown,0.504,low_confidence;unknown_surface;initialed_name;not_found_in_history,Do not merge into main history before external source validation.
2026-06-26T20:30:04Z,needs_enrichment,N. Outcalt,n outcalt,0,2026-06-27,UTR PTT Newport Beach Women 15,Unknown,0.504,low_confidence;unknown_surface;initialed_name;not_found_in_history,Do not merge into main history before external source validation.
2026-06-26T20:30:04Z,needs_enrichment,N. Ung,n ung,0,2026-06-27,UTR PTT Newport Beach Men 15,Unknown,0.504,low_confidence;unknown_surface;initialed_name;not_found_in_history,Do not merge into main history before external source validation.
2026-06-26T20:30:04Z,needs_enrichment,P. Bartha,p bartha,0,2026-06-27,UTR Budapest W01,Unknown,0.504,low_confidence;unknown_surface;initialed_name;not_found_in_history,Do not merge into main history before external source validation.
2026-06-26T20:30:04Z,needs_enrichment,P. Bushuev,p bushuev,0,2026-06-27,UTR PTT Newport Beach Men 15,Unknown,0.504,low_confidence;unknown_surface;initialed_name;not_found_in_history,Do not merge into main history before external source validation.
2026-06-26T20:30:04Z,needs_enrichment,P. Paukstyte,p paukstyte,0,2026-06-27,UTR Budapest W01,Unknown,0.504,low_confidence;unknown_surface;initialed_name;not_found_in_history,Do not merge into main history before external source validation.
2026-06-26T20:30:04Z,needs_enrichment,P. Pouatcha,p pouatcha,0,2026-06-27,UTR PTT Umag Men 02,Clay,0.504,low_confidence;initialed_name;not_found_in_history,Do not merge into main history before external source validation.
2026-06-26T20:30:04Z,needs_enrichment,P. Sallay,p sallay,0,2026-06-27,UTR Budapest M01,Unknown,0.504,low_confidence;unknown_surface;initialed_name;not_found_in_history,Do not merge into main history before external source validation.
2026-06-26T20:30:04Z,needs_enrichment,R. Campagnola,r campagnola,0,2026-06-27,UTR PTT Umag Men 02,Clay,0.504,low_confidence;initialed_name;not_found_in_history,Do not merge into main history before external source validation.
2026-06-26T20:30:04Z,needs_enrichment,R. Chodora,r chodora,0,2026-06-27,UTR Budapest M01,Unknown,0.504,low_confidence;unknown_surface;initialed_name;not_found_in_history,Do not merge into main history before external source validation.
2026-06-26T20:30:04Z,needs_enrichment,R. Frank,r frank,0,2026-06-27,UTR Knoxville W01,Unknown,0.504,low_confidence;unknown_surface;initialed_name;not_found_in_history,Do not merge into main history before external source validation.
2026-06-26T20:30:04Z,needs_enrichment,R. Kis Balazs,r kis balazs,0,2026-06-27,UTR Budapest M01,Unknown,0.504,low_confidence;unknown_surface;initialed_name;not_found_in_history,Do not merge into main history before external source validation.
2026-06-26T20:30:04Z,needs_enrichment,R. Patil,r patil,0,2026-06-27,UTR PTT Waco Men 01,Unknown,0.504,low_confidence;unknown_surface;initialed_name;not_found_in_history,Do not merge into main history before external source validation.
2026-06-26T20:30:04Z,needs_enrichment,R. Yang,r yang,0,2026-06-27,UTR PTT Newport Beach Men 15,Unknown,0.504,low_confidence;unknown_surface;initialed_name;not_found_in_history,Do not merge into main history before external source validation.
2026-06-26T20:30:04Z,needs_enrichment,S. Harrison,s harrison,0,2026-06-27,UTR Budapest M01,Unknown,0.504,low_confidence;unknown_surface;initialed_name;not_found_in_history,Do not merge into main history before external source validation.
2026-06-26T20:30:04Z,needs_enrichment,S. Jara,s jara,0,2026-06-27,UTR Knoxville W01,Unknown,0.504,low_confidence;unknown_surface;initialed_name;not_found_in_history,Do not merge into main history before external source validation.
2026-06-26T20:30:04Z,needs_enrichment,S. Kopp,s kopp,0,2026-06-27,ATP Challenger Plovdiv,Grass,0.504,low_confidence;initialed_name;not_found_in_history,Do not merge into main history before external source validation.
2026-06-26T20:30:04Z,needs_enrichment,S. Nagal,s nagal,0,2026-06-27,Târgu Mureș,Unknown,0.504,low_confidence;unknown_surface;initialed_name;not_found_in_history,Do not merge into main history before external source validation.
2026-06-26T20:30:04Z,needs_enrichment,S. Shulzhenko,s shulzhenko,0,2026-06-27,UTR PTT Waco Women 01,Unknown,0.504,low_confidence;unknown_surface;initialed_name;not_found_in_history,Do not merge into main history before external source validation.
2026-06-26T20:30:04Z,needs_enrichment,S. Webster,s webster,0,2026-06-27,UTR PTT Newport Beach Women 15,Unknown,0.504,low_confidence;unknown_surface;initialed_name;not_found_in_history,Do not merge into main history before external source validation.
2026-06-26T20:30:04Z,needs_enrichment,T. Gaillard,t gaillard,0,2026-06-27,UTR PTT Umag Men 02,Clay,0.504,low_confidence;initialed_name;not_found_in_history,Do not merge into main history before external source validation.
2026-06-26T20:30:04Z,needs_enrichment,T. Gubi,t gubi,0,2026-06-27,UTR Budapest M01,Unknown,0.504,low_confidence;unknown_surface;initialed_name;not_found_in_history,Do not merge into main history before external source validation.
2026-06-26T20:30:04Z,needs_enrichment,T. Jirousek,t jirousek,0,2026-06-27,UTR PTT Waco Men 01,Unknown,0.504,low_confidence;unknown_surface;initialed_name;not_found_in_history,Do not merge into main history before external source validation.
2026-06-26T20:30:04Z,needs_enrichment,T. Mar,t mar,0,2026-06-27,UTR PTT Newport Beach Women 15,Unknown,0.504,low_confidence;unknown_surface;initialed_name;not_found_in_history,Do not merge into main history before external source validation.
2026-06-26T20:30:04Z,needs_enrichment,V. Breazu,v breazu,0,2026-06-27,UTR Budapest M01,Unknown,0.504,low_confidence;unknown_surface;initialed_name;not_found_in_history,Do not merge into main history before external source validation.
2026-06-26T20:30:04Z,needs_enrichment,V. Vales,v vales,0,2026-06-27,UTR PTT Umag Men 02,Clay,0.504,low_confidence;initialed_name;not_found_in_history,Do not merge into main history before external source validation.
2026-06-26T20:30:04Z,needs_enrichment,Z. Kubacha,z kubacha,0,2026-06-27,UTR PTT Waco Women 01,Unknown,0.504,low_confidence;unknown_surface;initialed_name;not_found_in_history,Do not merge into main history before external source validation.
2026-06-26T20:30:04Z,needs_enrichment,Tatjana Maria,tatjana maria,18,2026-06-27,Lexus Eastbourne Open,Grass,0.5119,low_confidence,Do not merge into main history before external source validation.
2026-06-26T20:30:04Z,needs_enrichment,Ethan Quinn,ethan quinn,36,2026-06-27,Vanda Pharmaceuticals Mallorca Championships,Grass,0.5302,low_confidence,Do not merge into main history before external source validation.
2026-06-26T20:30:04Z,needs_enrichment,Madison Keys,madison keys,68,2026-06-27,Lexus Eastbourne Open,Grass,0.5119,low_confidence,Do not merge into main history before external source validation.
2026-06-26T20:30:04Z,needs_enrichment,Alejandro Davidovich Fokina,alejandro davidovich fokina,116,2026-06-27,Vanda Pharmaceuticals Mallorca Championships,Grass,0.5302,low_confidence,Do not merge into main history before external source validation.
