match_date,tournament,surface,player1,player2
2026-06-27,Lexus Eastbourne Open,Grass,Tatjana Maria,Madison Keys
2026-06-27,Lexus Eastbourne Open,Grass,Zizou Bergs,Ugo Humbert
2026-06-27,Vanda Pharmaceuticals Mallorca Championships,Grass,Ethan Quinn,Alejandro Davidovich Fokina
2026-06-27,Bad Homburg Open powered by Solarwatt,Grass,Karolina Muchova,Naomi Osaka
2026-06-27,Brasil Tennis Challenger,Grass,M. Pucinelli de Almeida,G. Villanueva
2026-06-27,Brasil Tennis Challenger,Grass,T. Seyboth Wild,J. La Serna
2026-06-27,ATP Challenger Plovdiv,Grass,I. Montes-de la Torre,S. Kopp
2026-06-27,Târgu Mureș,Unknown,F. Balshaw,S. Nagal
2026-06-27,UTR Budapest M01,Unknown,C. Swaine,P. Sallay
2026-06-27,UTR Budapest M01,Unknown,M. Markovits,G. Hornung
2026-06-27,UTR Budapest M01,Unknown,K. Halmos,A. Major
2026-06-27,UTR Budapest M01,Unknown,A. Jilly,V. Breazu
2026-06-27,UTR Budapest M01,Unknown,M. Valkusz,M. Breazu
2026-06-27,UTR Budapest M01,Unknown,A. Belkovics,S. Harrison
2026-06-27,UTR Budapest M01,Unknown,D. Pop,R. Kis Balazs
2026-06-27,UTR Budapest M01,Unknown,B. Nagy,R. Chodora
2026-06-27,UTR Budapest M01,Unknown,T. Gubi,B. Kisantal
2026-06-27,UTR Budapest M01,Unknown,R. Kis Balazs,M. Bartakovics
2026-06-27,UTR Knoxville M01,Unknown,J. Garcia,M. Sheldon
2026-06-27,UTR Knoxville M01,Unknown,G. Avram,D. Fishback
2026-06-27,UTR Knoxville M01,Unknown,M. Landreth,N. Mangiapane
2026-06-27,UTR Knoxville M01,Unknown,D. Krasner,C. Robinson
2026-06-27,UTR Knoxville M01,Unknown,"Hussey, Brady",D. Wiley
2026-06-27,UTR PTT Newport Beach Men 15,Unknown,M. Mazev,R. Yang
2026-06-27,UTR PTT Newport Beach Men 15,Unknown,N. Ung,A. Bain
2026-06-27,UTR PTT Newport Beach Men 15,Unknown,G. Hakopian,E. Alex
2026-06-27,UTR PTT Waco Men 01,Unknown,T. Jirousek,C. Stelse
2026-06-27,UTR PTT Waco Men 01,Unknown,I. Bracks,L. Skrobarcek
2026-06-27,UTR PTT Waco Men 01,Unknown,E. Ndumbe,B. Boland
2026-06-27,UTR PTT Waco Men 01,Unknown,D. Hedgecoe,C. Baierl
2026-06-27,UTR PTT Waco Men 01,Unknown,G. Gallagher,N. Do
2026-06-27,UTR PTT Waco Men 01,Unknown,N. Iantosca,A. Zamani
2026-06-27,UTR PTT Umag Men 02,Clay,D. Zmak,P. Pouatcha
2026-06-27,UTR PTT Umag Men 02,Clay,V. Vales,D. Knesl
2026-06-27,UTR PTT Umag Men 02,Clay,M. Castle,R. Campagnola
2026-06-27,UTR PTT Umag Men 02,Clay,H. Best,D. Kos
2026-06-27,UTR PTT Umag Men 02,Clay,A. Tarrio Ponte,T. Gaillard
2026-06-27,UTR Budapest W01,Unknown,N. Bak Szabo,J. Saner
2026-06-27,UTR Budapest W01,Unknown,E. Ivanov,L. Cvanciger
2026-06-27,UTR Budapest W01,Unknown,I. Heinzova,D. Shadchneva
2026-06-27,UTR Budapest W01,Unknown,A. Zyryanova,A. Jadue
2026-06-27,UTR Budapest W01,Unknown,P. Paukstyte,L. Svatíková
2026-06-27,UTR Budapest W01,Unknown,N. Daubnerova,M. Pawelska
2026-06-27,UTR Budapest W01,Unknown,P. Bartha,K. Molnar
2026-06-27,UTR Budapest W01,Unknown,H. Read,E. Baraniakova
2026-06-27,UTR Budapest W01,Unknown,G. Roach,N. Koppova
2026-06-27,UTR Budapest W01,Unknown,D. Smolinskaya,C. Korhonen
2026-06-27,UTR Knoxville W01,Unknown,S. Jara,R. Frank
2026-06-27,UTR Knoxville W01,Unknown,M. Deatherage,A. Aulia
2026-06-27,UTR Knoxville W01,Unknown,J. Dunyon,A. Shannon
2026-06-27,UTR Knoxville W01,Unknown,G. Guenther,N. Oliver
2026-06-27,UTR Knoxville W01,Unknown,G. Kulevich,L. Murphy
2026-06-27,UTR Knoxville W01,Unknown,C. McGill,L. Oved
2026-06-27,UTR Knoxville W01,Unknown,E. Myers,M. Shelton
2026-06-27,UTR PTT Newport Beach Women 15,Unknown,L. Donnelly,B. Lewis
2026-06-27,UTR PTT Newport Beach Women 15,Unknown,E. Tutoveanu,E. Robertson
2026-06-27,UTR PTT Newport Beach Women 15,Unknown,A. Shcherbinina,C. Sauvant
2026-06-27,UTR PTT Newport Beach Women 15,Unknown,A. Harmon,A. Grechkina
2026-06-27,UTR PTT Newport Beach Women 15,Unknown,S. Webster,L. Pradkin
2026-06-27,UTR PTT Newport Beach Women 15,Unknown,C. Kiss,M. Ikemori
2026-06-27,UTR PTT Newport Beach Women 15,Unknown,A. Murthy,G. Oboniye
2026-06-27,UTR PTT Waco Women 01,Unknown,Z. Kubacha,I. Ashar
2026-06-27,UTR PTT Waco Women 01,Unknown,K. Erickson,E. Brownback
2026-06-27,UTR PTT Waco Women 01,Unknown,S. Shulzhenko,M. Fuduric
2026-06-27,UTR PTT Waco Women 01,Unknown,L. Alexin,H. McAslin
2026-06-27,UTR PTT Waco Women 01,Unknown,K. Teso,D. Budko
2026-06-27,UTR PTT Waco Women 01,Unknown,L. Weir,E. Mireles
2026-06-27,UTR PTT Waco Women 01,Unknown,G. Villegas,L. Murray
2026-06-27,UTR PTT Waco Women 01,Unknown,B. Yoris,L. Brotman
